
-- INSERT TABLE StaffPosition
	INSERT INTO StaffPosition VALUES
	('SP000','Chairman','Grade 10'),
	('SP001','Finance Manager','Grade 9'),
	('SP002','Marketing Manager','Grade 8'),
	('SP003','Marketing Division Head','Grade 7'),
	('SP004','Finance Division Head','Grade 6'),
	('SP005','Marketing Supervisor','Grade 5'),
	('SP006','Finance Supervisor','Grade 4'),
	('SP007','Senior Staff','Grade 3'),
	('SP008','Junior Staff','Grade 2'),
	('SP009','Cashier','Grade 1')

--INSERT TABLE Staff
	INSERT INTO Staff VALUES 
	('ST000','SP000','Hendy ','Male','Hendy18@Gmail.com','087855231331','1988.04.11','10000000'),
	('ST001','SP001','Almira','Female','Almira_12@Gmail.com','087854678890','1990.03.24','10000000'),
	('ST002','SP002','David','Male','David_C12@Gmail.com','087883900933','1990.02.14','15000000'),
	('ST003','SP003','Vonny','Female','Vonmel91@Gmail.com','087844325677','1985.02.13','12500000'),
	('ST004','SP004','Lucyana Sucipto Kristian','Female','Lucyanaclud98@Gmail.com','087876674455','1987-12-12','8000000'),
	('ST005','SP005','Clalita','Female','Clalita12@Gmail.com','087812324432','1988-10-27','6000000'),
	('ST006','SP006','Ferdian Suli Van','Male','Ferdianronaldo@Gmail.com','0878777688823','1990-02-28','3500000'),
	('ST007','SP007','Michael Marinka Gama','Male','Micbry1212@Gmail.com','087867899969','2000-04-28','4000000'),
	('ST008','SP008','Alex','Male','Alexkun15@Gmail.com','087813314244','1998-08-18','5000000'), 
	('ST009','SP009','Cellin','Female','Cellin772@Gmail.com','087866777878','1988-05-15','5500000'),
	('ST010','SP008','Sofiana','Female','meemacchiato@Gmail.com','085773629182','1990-08-12','4000000'),
	('ST011','SP007','Jihan','Female','jihanindriani28@Gmail.com','081289547120','2000-02-11','5500000'),
	('ST012','SP006','Jessica','Female','jejejanuari88@Gmail.com','087852611885','2090-01-19','6000000'),
	('ST013','SP005','Dyandra','Female','dyandrapricilia1@Gmail.com','081287348021','2000-07-11','15000000'),
	('ST014','SP004','Kevin','Male','kevinvin88@Gmail.com','087891918730','1999-09-11','8000000')


	-- INSERT TABLE watchType
	INSERT INTO watchType VALUES
	('WT000','G-Shock'),
	('WT001','Digital Clock'),
	('WT002','Automatic Watch'),
	('WT003','Chronograph'),
	('WT004','Quartz Clock'),
	('WT005','Mechanical watch'),
	('WT006','Manual Watch'),
	('WT007','Seven Friday'),
	('WT008','Tumi'),
	('WT009','Fossil'),
	('WT010','Casio'),
	('WT011','Expedition'),
	('WT012','Orient'),
	('WT013','Quicksilver'),
	('WT014','Seiko'),
	('WT015','Alba')


	--INSERT TABLE Watch
	INSERT INTO Watch VALUES
	('WH000','WT000','Audemars Piguet Smith','4000','3000'),
	('WH001','WT001','Vacheron Constantin','5000','4000'),
	('WH002','WT002','Patek Philippe Mien','6000','5000'),
	('WH003','WT003','Blanc pain Twice','7000','6000'),
	('WH004','WT004','Chopard','8000','7000'),
	('WH005','WT005','IWC Schaffhausen Jhon','9000','8000'),
	('WH006','WT006','Rolex','10000','15784200500'),
	('WH007','WT007','Ulysse Nardin Chris','11000','15000000100'),
	('WH008','WT008','Jaeger-LeCoultre','12000','16000000000'),
	('WH009','WT009','Panerai','13000','12000'),
	('WH010','WT010','Casio Edifice','50000','30000'),
	('WH011','WT011','Expanable','40000','25000'),
	('WH012','WT012','Oriental','35000','15000'),
	('WH013','WT013','Waves ','30000','10000'),
	('WH014','WT014','Mamba','11000','5000'),
	('WH015','WT015','Alibabwa','14000','9000')

	--INSERT TABLE Customer
	INSERT INTO Customer VALUES
	('CS000','Lagundo Rumindo','087813148990','Jalan Pertama Raya No. 10. Malang','modelmotor@yahoo.co.id','Male'),
	('CS001','Otanda Junaerdo','085288790123','Jalan Pahlawan Dadik No.69. Bogor','danjune95@gmail.com','Male'),
	('CS002','Giovano Fiorendo','081382891083','Jalan Winata Wijaya No. 05. Rawa Belong','aliando_nino@yahoo.com','Male'),
	('CS003','Wendy Ayiana','087322449873','Jalan Kapten Jevan No.13. Cikarang','wendycyn@hotmail.com','Male'),
	('CS004','Messina Shukumianto','087856635455','Jalan Duniawiyah No.72. Sukamandi','notlionelmessi@outlook.com','Male'),
	('CS005','Xandelier Harianto','085563226544','Jalan Raya Wendy No.12. Kemanggisan','xandel.H@buddy.com','Male'),
	('CS006','Nikolas Marcellino','081146552356','Jalan Kemanggisan Raya 20.Surakarta','starbuck@gmail.com','Female'),
	('CS007','David Chandra','084563226599','Jalan Pasar No.4a .Pagaralam ','bluezack@yahoo.com','Female'),
	('CS008','Riki Pasela','083563556455','Jalan Matahari Raya No.6a. Sekura','Rikipi@outlook.com','Female'),
	('CS009','Sonia Andresia','085541223654','Jalan Kesehatan No.2a. Kalimantan','Sanderas@yahoo.com','Female'),
	('CS010','YUSTINUS CHRISTIAN','082356956845','445 Mount Eden Road, Mount Eden, Auckland','CHRISTIAN@yahoo.com','Female'),
	('CS011','MIGUEL CHRISTIAN','085124632975','21 Greens Road RD 2 Ruawai 0592','MIGUEL@yahoo.com','Female'),
	('CS012','MIKAIL REYZALFI SHAHZINDA','085612347854','Main Highway Otaki; 32 Wilson Street','SHAHZINDA@yahoo.com','Female'),
	('CS013','VONNY MELINDA','086523749154','CMB C5, Huntly','MELINDA@yahoo.com','Female'),
	('CS014','ADRIEZA FIVALDO','085632654814','Street Santa Rosa MN 98804','ADRIEZA@yahoo.com','Female'),
	('CS015','REMUZ NARAPATI','085974513486','7292 Dictum Av.San Antonio MI 47096','NARAPATI@yahoo.com','Female')

	--INSERT TABLE Vendor
	INSERT INTO Vendor VALUES
	('VN000','Budi Suryanto','088756907623','Kenanga Street No 30','Budi@yahoo.com'),
	('VN001','Johan eka santosa','088964112533','Muhammas Street No.21','Santosa@yahoo.com'),
	('VN002','Muhammas bayu','084623311255','Syahdan Street No.5a','Bayu@outlook.com'),
	('VN003','Julyus Valentino','089622351122','Veteran Street No.6','Valentino@gmail.com'),
	('VN004','Ihsan Ibrahim','084462551355','Rajawali Street No.8','Ibrahim@yahoo.com'),
	('VN005','Annisa Imani','081235469865','Sekip Street No.9','Imani@ymail.com'),
	('VN006','Albyansyah','084865223599','Paris Street No.4','Albya@gmail.com'),
	('VN007','Ramadhana Randya','083596884622','Jendral Street No.20','Radya@yahoo.com'),
	('VN008','Briyanka Dienda','085468951354','Sudirman Street No.15','Dienda@gmail.com'),
	('VN009','Owen','084685536558','Chandra Street No.17','Owen@gmail.com'),
	('VN010','THONY ANDREAS','084685536558','P.O. Box 887 2508 Dolor AvMuskegon KY 12482','ANDREAS@gmail.com'),
	('VN011','ALFIN KUSUMA HENDRA','085669988412','Chelsea MI 67708','ALFIN@gmail.com'),
	('VN012','STEVEN CHANDRA','085544995568','Santa Rosa MN 98804','CHANDRA@gmail.com'),
	('VN013','WILLY SANDI','081133226648','Aaron Hawkins5587 Nunc','WILLY@gmail.com'),
	('VN014','NIELSEN SUNARKO','085695884455','Latrobe DE 381007','SUNARKO@gmail.com'),
	('VN015','LYDIA AGATA EMANUELA','085447732598','Bandera South Dakota 45149','AGATA@gmail.com')

	