-- INSERT TABLE HeaderSalesTransaction
	INSERT INTO HeaderSalesTransaction VALUES
	('SH000','CS000','ST000','06-13-2016'),
	('SH001','CS001','ST001','06-19-2016'),
	('SH002','CS002','ST002','05-25-2016'),
	('SH003','CS003','ST003','06-20-2016'),
	('SH004','CS004','ST004','08-05-2016'),
	('SH005','CS005','ST005','07-13-2016'),
	('SH006','CS006','ST006','02-27-2016'),
	('SH007','CS007','ST007','04-12-2016'),
	('SH008','CS008','ST008','07-14-2016'),
	('SH009','CS009','ST009','01-10-2016'),
	('SH010','CS010','ST010','05-08-2016'),
	('SH011','CS011','ST011','08-25-2016'),
	('SH012','CS012','ST012','07-29-2016'),
	('SH013','CS013','ST013','03-28-2016'),
	('SH014','CS014','ST014','07-04-2016'),
	('SH015','CS013','ST013','07-04-2016'),
	('SH016','CS012','ST012','07-14-2016'),
	('SH017','CS011','ST011','07-24-2016'),
	('SH018','CS010','ST010','06-12-2016'),
	('SH019','CS009','ST009','05-18-2016'),
	('SH020','CS008','ST008','04-19-2016'),
	('SH021','CS007','ST007','03-30-2016'),
	('SH022','CS006','ST006','01-20-2016'),
	('SH023','CS005','ST005','02-10-2016'),
	('SH024','CS004','ST004','05-22-2016')


	-- INSERT TABLE DetailSalesTransaction
	INSERT INTO DetailSalesTransaction VALUES
		('SH000','WH000','11'),
		('SH001','WH001','12'),
		('SH004','WH002','13'),
		('SH003','WH003','20'),
		('SH005','WH004','21'),
		('SH004','WH005','14'),
		('SH006','WH006','18'),
		('SH004','WH007','31'),
		('SH008','WH008','28'),
		('SH009','WH009','29'),
		('SH010','WH010','50'),
		('SH011','WH011','51'),
		('SH012','WH012','58'),
		('SH013','WH013','60'),
		('SH014','WH014','55'),
		('SH015','WH015','52'),
		('SH016','WH014','53'),
		('SH017','WH013','54'),
		('SH018','WH012','14'),
		('SH019','WH011','32'),
		('SH020','WH010','33'),
		('SH021','WH009','70'),
		('SH022','WH008','77'),
		('SH023','WH007','74'),
		('SH024','WH006','75')

		-- INSERT TABLE DetailSalesTransaction
		INSERT INTO DetailPurchaseTransaction VALUES
		('PH000','WH015','10'),
		('PH001','WH014','2'),
		('PH002','WH013','5'),
		('PH003','WH012','6'),
		('PH004','WH011','4'),
		('PH005','WH010','12'),
		('PH006','WH009','13'),
		('PH007','WH008','15'),
		('PH008','WH007','20'),
		('PH009','WH006','21'),
		('PH010','WH005','17'),
		('PH011','WH004','19'),
		('PH012','WH003','30'),
		('PH013','WH002','25'),
		('PH014','WH001','27')

		-- INSERT TABLE DetailSalesTransaction
		INSERT INTO HeaderPurchaseTransaction VALUES
		('PH000','ST000','VN000','02-23-2016'),
		('PH001','ST001','VN001','02-29-2016'),
		('PH002','ST002','VN002','03-05-2016'),
		('PH003','ST003','VN003','03-10-2016'),
		('PH004','ST004','VN004','03-15-2018'),
		('PH005','ST005','VN005','03-23-2018'),
		('PH006','ST006','VN006','04-17-2018'),
		('PH007','ST007','VN007','04-22-2018'),
		('PH008','ST008','VN008','04-24-2018'),
		('PH009','ST009','VN009','05-01-2016'),
		('PH010','ST010','VN010','05-08-2016'),
		('PH011','ST011','VN011','05-13-2018'),
		('PH012','ST012','VN012','05-19-2018'),
		('PH013','ST013','VN013','05-18-2018'),
		('PH014','ST014','VN014','06-14-2018')